mysql> SELECT name, accountId, COUNT(*) FROM AddressBook GROUP BY accountId ORDER BY COUNT(*) DESC LIMIT 2;
+------------------------+-----------+----------+
| name                   | accountId | COUNT(*) |
+------------------------+-----------+----------+
| Varius Incorporated    |        14 |       19 |
| Justo Nec Incorporated |         5 |       19 |
+------------------------+-----------+----------+
2 rows in set (0.00 sec)



mysql> SELECT firstName, lastName, COUNT(*) FROM Entry GROUP BY addressBookId ORDER BY COUNT(*) DESC LIMIT 1;                                                        
+-----------+----------+----------+
| firstName | lastName | COUNT(*) |
+-----------+----------+----------+
| Sophia    | Conway   |       52 |
+-----------+----------+----------+
1 row in set (0.00 sec)